Person_ID,Name,Phone,Location,Vehicle
P001,Arjun Mehta,9876543210,Delhi,DL01AB1234
P002,Rohan Sharma,9876501234,Mumbai,MH02CD4567
P003,Vikram Rao,9812345678,Hyderabad,TS09EF7890
P004,Sameer Khan,9898989898,Delhi,DL03GH1122
P005,Amit Verma,9765432109,Mumbai,MH04IJ3344
P006,Karan Singh,9988776655,Chandigarh,CH01KL5566
P007,Nikhil Patel,9123456789,Ahmedabad,GJ05MN7788
P008,Rahul Das,9001122334,Kolkata,WB06OP9900
P009,Suresh Iyer,9334455667,Bengaluru,KA07QR2211
P010,Manish Gupta,9445566778,Lucknow,UP08ST4433
P011,Dev Malhotra,9556677889,Delhi,DL09UV6655
P012,Aditya Kapoor,9667788990,Jaipur,RJ10WX8877
P013,Rajiv Nair,9778899001,Kochi,KL11YZ1199
P014,Harsh Joshi,9889900112,Pune,MH12AB2233
P015,Ankit Yadav,9990011223,Patna,BR13CD4455
P016,Mohit Bansal,9112233445,Noida,UP14EF6677
P017,Tarun Sethi,9223344556,Gurugram,HR15GH8899
P018,Yash Thakur,9334455000,Shimla,HP16IJ0011
P019,Vivek Menon,9445566000,Chennai,TN17KL2233
P020,Ravi Choudhary,9556677000,Jaipur,RJ18MN4455
P021,Kunal Arora,9667788000,Delhi,DL19PQ6677
P022,Sanjay Reddy,9778899000,Hyderabad,TS20RS8899
P023,Manoj Pillai,9889900001,Kochi,KL21TU0011
P024,Ritesh Kumar,9990011002,Patna,BR22VW2233
P025,Abhishek Jain,9112233003,Pune,MH23XY4455
